{
  "annual_return_per_stall": 3100.877473676712,
  "monthly_reward": 258.406456139726,
  "annual_culling_rate_pct": 26.295764301437117,
  "culling_voluntary_pct": 22.866913635136626,
  "culling_mortality_pct": 3.428850666300492,
  "culling_involuntary_pct": 0.0,
  "mean_parity_incl_springer": 2.6923875991177506,
  "productive_life_yr": 3.8028938369566534,
  "springer_time_fraction": 0.021913136917965138,
  "cm_cost_by_stage": {
    "Early (MAC 1-3)": 399.08828048527903,
    "Mid (MAC 4-6)": 345.722079138835,
    "Late (MAC 7-9)": 242.62655123504817,
    "Extended (MAC>=10)": 131.7905774896734
  },
  "avg_preg_value_parity1": 416.26848942895685,
  "avg_preg_value_parity2": 284.23421344474923,
  "avg_preg_value_parity3": 196.44265944858614
}