{
  "annual_return_per_stall": 3100.877473676714,
  "monthly_reward": 258.4064561397262,
  "annual_culling_rate_pct": 26.295764301437117,
  "culling_voluntary_pct": 22.866913635136626,
  "culling_mortality_pct": 3.428850666300492,
  "culling_involuntary_pct": 0.0,
  "mean_parity_incl_springer": 2.6923875991177506,
  "productive_life_yr": 3.8028938369566534,
  "springer_time_fraction": 0.021913136917965138,
  "cm_cost_by_stage": {
    "Early (MAC 1-3)": 436.1437284199376,
    "Mid (MAC 4-6)": 281.44983697119665,
    "Late (MAC 7-9)": 98.28787509741376,
    "Extended (MAC>=10)": 97.04538037757365
  },
  "avg_preg_value_parity1": 414.8716262895176,
  "avg_preg_value_parity2": 272.1355893571724,
  "avg_preg_value_parity3": 187.2524197869567
}