{
  "2025": {
    "annual_return_per_stall": 3100.877473676712,
    "monthly_reward": 258.406456139726,
    "annual_culling_rate_pct": 26.295764301437117,
    "culling_voluntary_pct": 22.866913635136626,
    "culling_mortality_pct": 3.428850666300492,
    "culling_involuntary_pct": 0.0,
    "mean_parity_incl_springer": 2.6923875991177506,
    "productive_life_yr": 3.8028938369566534,
    "springer_time_fraction": 0.021913136917965138,
    "cm_cost_by_stage": {
      "Early (MAC 1-3)": 436.1437284199379,
      "Mid (MAC 4-6)": 281.4498369711972,
      "Late (MAC 7-9)": 98.28787509741409,
      "Extended (MAC>=10)": 97.04538037757365
    },
    "avg_preg_value_parity1": 414.87162628951774,
    "avg_preg_value_parity2": 272.13558935717265,
    "avg_preg_value_parity3": 187.25241978695692
  },
  "OG": {
    "annual_return_per_stall": 3824.0735235847496,
    "monthly_reward": 318.67279363206245,
    "annual_culling_rate_pct": 19.382051483030445,
    "culling_voluntary_pct": 15.345586667022449,
    "culling_mortality_pct": 4.036464816007996,
    "culling_involuntary_pct": 0.0,
    "mean_parity_incl_springer": 3.4026545489148607,
    "productive_life_yr": 5.159412567217301,
    "springer_time_fraction": 0.016151709569247438,
    "cm_cost_by_stage": {
      "Early (MAC 1-3)": 572.3885327421775,
      "Mid (MAC 4-6)": 530.2474482201798,
      "Late (MAC 7-9)": 284.95710294292115,
      "Extended (MAC>=10)": 29.01180785892595
    },
    "avg_preg_value_parity1": 473.9358636443293,
    "avg_preg_value_parity2": 510.597318538943,
    "avg_preg_value_parity3": 507.38001155568065
  },
  "OB": {
    "annual_return_per_stall": 1060.9546230576761,
    "monthly_reward": 88.41288525480634,
    "annual_culling_rate_pct": 19.13174648790109,
    "culling_voluntary_pct": 13.85981893155498,
    "culling_mortality_pct": 4.025370712571538,
    "culling_involuntary_pct": 1.2465568437745738,
    "mean_parity_incl_springer": 3.3927857903493424,
    "productive_life_yr": 5.226914336505554,
    "springer_time_fraction": 0.015943122073264326,
    "cm_cost_by_stage": {
      "Early (MAC 1-3)": 363.3499475838671,
      "Mid (MAC 4-6)": 318.5304220406623,
      "Late (MAC 7-9)": 165.66269167501477,
      "Extended (MAC>=10)": 21.559126722395302
    },
    "avg_preg_value_parity1": 352.8953908711323,
    "avg_preg_value_parity2": 395.0973323003774,
    "avg_preg_value_parity3": 373.51669908548917
  },
  "UG": {
    "annual_return_per_stall": 4580.40868878223,
    "monthly_reward": 381.7007240651858,
    "annual_culling_rate_pct": 20.0322799221066,
    "culling_voluntary_pct": 16.06144207551138,
    "culling_mortality_pct": 3.970837846595222,
    "culling_involuntary_pct": 0.0,
    "mean_parity_incl_springer": 3.314759010528859,
    "productive_life_yr": 4.991943023402199,
    "springer_time_fraction": 0.01669356660175322,
    "cm_cost_by_stage": {
      "Early (MAC 1-3)": 587.8315024874654,
      "Mid (MAC 4-6)": 508.33358330745403,
      "Late (MAC 7-9)": 261.4998385452594,
      "Extended (MAC>=10)": 127.1692206505015
    },
    "avg_preg_value_parity1": 836.5053279695244,
    "avg_preg_value_parity2": 753.637415340162,
    "avg_preg_value_parity3": 652.2787439200258
  },
  "UB": {
    "annual_return_per_stall": 1828.6137285130376,
    "monthly_reward": 152.38447737608647,
    "annual_culling_rate_pct": 21.130260002075623,
    "culling_voluntary_pct": 17.290357542166113,
    "culling_mortality_pct": 3.839902459909511,
    "culling_involuntary_pct": 0.0,
    "mean_parity_incl_springer": 3.1541406189361934,
    "productive_life_yr": 4.732549433380234,
    "springer_time_fraction": 0.017608550001655107,
    "cm_cost_by_stage": {
      "Early (MAC 1-3)": 358.0039070557455,
      "Mid (MAC 4-6)": 289.51447329221753,
      "Late (MAC 7-9)": 158.09270166652823,
      "Extended (MAC>=10)": 112.09045268832395
    },
    "avg_preg_value_parity1": 764.9394663859753,
    "avg_preg_value_parity2": 648.8979223873714,
    "avg_preg_value_parity3": 522.7074154614269
  }
}