{
  "2025": {
    "annual_return_per_stall": 3100.877473676712,
    "monthly_reward": 258.406456139726,
    "annual_culling_rate_pct": 26.295764301437117,
    "culling_voluntary_pct": 22.866913635136626,
    "culling_mortality_pct": 3.428850666300492,
    "culling_involuntary_pct": 0.0,
    "mean_parity_incl_springer": 2.6923875991177506,
    "productive_life_yr": 3.8028938369566534,
    "springer_time_fraction": 0.021913136917965138,
    "cm_cost_by_stage": {
      "Early (MAC 1-3)": 399.08828048527903,
      "Mid (MAC 4-6)": 345.722079138835,
      "Late (MAC 7-9)": 242.62655123504817,
      "Extended (MAC>=10)": 131.7905774896734
    },
    "avg_preg_value_parity1": 416.26848942895685,
    "avg_preg_value_parity2": 284.23421344474923,
    "avg_preg_value_parity3": 196.44265944858614
  },
  "OG": {
    "annual_return_per_stall": 3824.0735235847496,
    "monthly_reward": 318.67279363206245,
    "annual_culling_rate_pct": 19.382051483030445,
    "culling_voluntary_pct": 15.345586667022449,
    "culling_mortality_pct": 4.036464816007996,
    "culling_involuntary_pct": 0.0,
    "mean_parity_incl_springer": 3.4026545489148607,
    "productive_life_yr": 5.159412567217301,
    "springer_time_fraction": 0.016151709569247438,
    "cm_cost_by_stage": {
      "Early (MAC 1-3)": 585.1294805308473,
      "Mid (MAC 4-6)": 561.6128986056933,
      "Late (MAC 7-9)": 409.96327908779847,
      "Extended (MAC>=10)": 210.2756606921715
    },
    "avg_preg_value_parity1": 473.9358636443261,
    "avg_preg_value_parity2": 510.59731853894027,
    "avg_preg_value_parity3": 507.3800115556817
  },
  "OB": {
    "annual_return_per_stall": 1060.9546230576761,
    "monthly_reward": 88.41288525480634,
    "annual_culling_rate_pct": 19.13174648790109,
    "culling_voluntary_pct": 13.85981893155498,
    "culling_mortality_pct": 4.025370712571538,
    "culling_involuntary_pct": 1.2465568437745738,
    "mean_parity_incl_springer": 3.3927857903493424,
    "productive_life_yr": 5.226914336505554,
    "springer_time_fraction": 0.015943122073264326,
    "cm_cost_by_stage": {
      "Early (MAC 1-3)": 398.80229368236314,
      "Mid (MAC 4-6)": 382.6292527563547,
      "Late (MAC 7-9)": 288.12752020124367,
      "Extended (MAC>=10)": 156.20837073174323
    },
    "avg_preg_value_parity1": 352.89539087113195,
    "avg_preg_value_parity2": 395.0973323003763,
    "avg_preg_value_parity3": 373.51669908548797
  },
  "UG": {
    "annual_return_per_stall": 4580.40868878223,
    "monthly_reward": 381.7007240651858,
    "annual_culling_rate_pct": 20.0322799221066,
    "culling_voluntary_pct": 16.06144207551138,
    "culling_mortality_pct": 3.970837846595222,
    "culling_involuntary_pct": 0.0,
    "mean_parity_incl_springer": 3.314759010528859,
    "productive_life_yr": 4.991943023402199,
    "springer_time_fraction": 0.01669356660175322,
    "cm_cost_by_stage": {
      "Early (MAC 1-3)": 497.4757903803814,
      "Mid (MAC 4-6)": 469.5083815821766,
      "Late (MAC 7-9)": 323.7691353639377,
      "Extended (MAC>=10)": 150.50013607853313
    },
    "avg_preg_value_parity1": 836.5053279695252,
    "avg_preg_value_parity2": 758.4034469905727,
    "avg_preg_value_parity3": 658.3837077552612
  },
  "UB": {
    "annual_return_per_stall": 1828.6137285130376,
    "monthly_reward": 152.38447737608647,
    "annual_culling_rate_pct": 21.130260002075623,
    "culling_voluntary_pct": 17.290357542166113,
    "culling_mortality_pct": 3.839902459909511,
    "culling_involuntary_pct": 0.0,
    "mean_parity_incl_springer": 3.1541406189361934,
    "productive_life_yr": 4.732549433380234,
    "springer_time_fraction": 0.017608550001655107,
    "cm_cost_by_stage": {
      "Early (MAC 1-3)": 306.7189738294729,
      "Mid (MAC 4-6)": 291.1068859369396,
      "Late (MAC 7-9)": 205.47583546062026,
      "Extended (MAC>=10)": 94.19957211700846
    },
    "avg_preg_value_parity1": 764.9394663859752,
    "avg_preg_value_parity2": 652.6103220018762,
    "avg_preg_value_parity3": 528.9831626916505
  }
}