{
  "annual_return_per_stall": 4580.40868878223,
  "monthly_reward": 381.7007240651858,
  "annual_culling_rate_pct": 20.0322799221066,
  "culling_voluntary_pct": 16.06144207551138,
  "culling_mortality_pct": 3.970837846595222,
  "culling_involuntary_pct": 0.0,
  "mean_parity_incl_springer": 3.314759010528859,
  "productive_life_yr": 4.991943023402199,
  "springer_time_fraction": 0.01669356660175322,
  "cm_cost_by_stage": {
    "Early (MAC 1-3)": 587.8315024874654,
    "Mid (MAC 4-6)": 508.33358330745403,
    "Late (MAC 7-9)": 261.4998385452594,
    "Extended (MAC>=10)": 127.1692206505015
  },
  "avg_preg_value_parity1": 836.5053279695244,
  "avg_preg_value_parity2": 753.637415340162,
  "avg_preg_value_parity3": 652.2787439200258
}