{
  "annual_return_per_stall": 1828.6137285130376,
  "monthly_reward": 152.38447737608647,
  "annual_culling_rate_pct": 21.130260002075623,
  "culling_voluntary_pct": 17.290357542166113,
  "culling_mortality_pct": 3.839902459909511,
  "culling_involuntary_pct": 0.0,
  "mean_parity_incl_springer": 3.1541406189361934,
  "productive_life_yr": 4.732549433380234,
  "springer_time_fraction": 0.017608550001655107,
  "cm_cost_by_stage": {
    "Early (MAC 1-3)": 306.7189738294729,
    "Mid (MAC 4-6)": 291.1068859369396,
    "Late (MAC 7-9)": 205.47583546062026,
    "Extended (MAC>=10)": 94.19957211700846
  },
  "avg_preg_value_parity1": 764.9394663859752,
  "avg_preg_value_parity2": 652.6103220018762,
  "avg_preg_value_parity3": 528.9831626916505
}