{
  "annual_return_per_stall": 4580.40868878223,
  "monthly_reward": 381.7007240651858,
  "annual_culling_rate_pct": 20.0322799221066,
  "culling_voluntary_pct": 16.06144207551138,
  "culling_mortality_pct": 3.970837846595222,
  "culling_involuntary_pct": 0.0,
  "mean_parity_incl_springer": 3.314759010528859,
  "productive_life_yr": 4.991943023402199,
  "springer_time_fraction": 0.01669356660175322,
  "cm_cost_by_stage": {
    "Early (MAC 1-3)": 497.4757903803814,
    "Mid (MAC 4-6)": 469.5083815821766,
    "Late (MAC 7-9)": 323.7691353639377,
    "Extended (MAC>=10)": 150.50013607853313
  },
  "avg_preg_value_parity1": 836.5053279695252,
  "avg_preg_value_parity2": 758.4034469905727,
  "avg_preg_value_parity3": 658.3837077552612
}